id,realDonaldTrump,HillaryClinton
0,0.00015073489339556545,0.9998492002487183
1,3.050478881050367e-05,0.999969482421875
2,0.9390833377838135,0.06091669946908951
3,0.1457180678844452,0.8542819619178772
4,0.9988470077514648,0.0011529327603057027
5,0.00012047673226334155,0.9998794794082642
6,0.0015098864678293467,0.9984900951385498
7,4.4099691876908764e-05,0.9999558925628662
8,0.0001223039726028219,0.9998776912689209
9,0.5966314077377319,0.4033685326576233
10,0.005437612067908049,0.9945624470710754
11,0.35883206129074097,0.641167938709259
12,8.190065273083746e-05,0.9999181032180786
13,0.014456518925726414,0.9855434894561768
14,0.7178424000740051,0.2821575701236725
15,0.9990743398666382,0.0009256291086785495
16,0.038926396518945694,0.961073637008667
17,0.9999932050704956,6.774831035727402e-06
18,0.0006724633858539164,0.999327540397644
19,0.9997707009315491,0.00022935621382202953
20,0.9998712539672852,0.0001286752667510882
21,0.0008507213788107038,0.9991493225097656
22,0.6881778836250305,0.31182214617729187
23,0.15101872384548187,0.8489812612533569
24,0.0004637906968127936,0.9995362758636475
25,0.00015993187844287604,0.9998400211334229
26,0.9996738433837891,0.0003261309175286442
27,0.0006093232659623027,0.999390721321106
28,0.0018109253142029047,0.9981890320777893
29,0.7002077698707581,0.29979223012924194
30,0.020266493782401085,0.9797335267066956
31,0.9963952898979187,0.0036046800669282675
32,0.004286538809537888,0.995713472366333
33,0.001596175949089229,0.9984038472175598
34,0.010859213769435883,0.9891407489776611
35,0.005224958993494511,0.9947750568389893
36,0.0002630732487887144,0.9997369647026062
37,0.5676347613334656,0.4323652386665344
38,0.9692568778991699,0.030743107199668884
39,0.9839568734169006,0.016043134033679962
40,1.5040489415696356e-05,0.9999849796295166
41,0.0016664696158841252,0.9983335137367249
42,0.00012155984586570412,0.9998784065246582
43,0.0010356875136494637,0.9989643096923828
44,0.0038531518075615168,0.9961467981338501
45,0.009608504362404346,0.9903914928436279
46,0.00030339049408212304,0.9996966123580933
47,0.3679920434951782,0.6320080161094666
48,0.0027818663511425257,0.997218132019043
49,0.03748059645295143,0.9625194072723389
50,0.9971110820770264,0.0028889079112559557
51,0.001441774656996131,0.9985582232475281
52,0.0014969584299251437,0.9985030889511108
53,0.004857620224356651,0.9951423406600952
54,0.0006990803522057831,0.9993009567260742
55,0.9999969005584717,3.0776491257711314e-06
56,0.3340110182762146,0.6659889817237854
57,0.0006693106261081994,0.9993307590484619
58,0.0009080838644877076,0.9990919828414917
59,0.9985101819038391,0.0014898322988301516
60,3.662850213004276e-05,0.9999634027481079
61,0.0011653517140075564,0.9988346695899963
62,0.17227408289909363,0.827725887298584
63,0.0013939078198745847,0.9986061453819275
64,0.1176425963640213,0.8823574185371399
65,0.000932693830691278,0.9990673661231995
66,0.0021343964617699385,0.997865617275238
67,0.0010439198231324553,0.9989560842514038
68,0.002794052241370082,0.997205913066864
69,0.001203318010084331,0.9987967014312744
70,0.9996054768562317,0.0003945241041947156
71,0.0006265150150284171,0.9993734955787659
72,0.0025059054605662823,0.997494101524353
73,0.0357225239276886,0.964277446269989
74,0.013957311399281025,0.9860426783561707
75,0.00010362569446442649,0.9998964071273804
76,0.003351741936057806,0.9966482520103455
77,0.00010422883497085422,0.9998958110809326
78,0.0011070722248405218,0.9988929629325867
79,7.452573481714353e-05,0.9999254941940308
80,0.0054491120390594006,0.994550883769989
81,0.9125545024871826,0.08744551986455917
82,0.004017037805169821,0.9959830045700073
83,0.07472088932991028,0.9252790808677673
84,0.9572416543960571,0.042758408933877945
85,0.005361118819564581,0.9946388602256775
86,0.9980359673500061,0.001964068040251732
87,0.03475429490208626,0.9652457237243652
88,0.000752557476516813,0.9992474317550659
89,0.0024760528467595577,0.9975239634513855
90,0.005328274331986904,0.9946717619895935
91,0.5246524214744568,0.4753475487232208
92,0.00026021647499874234,0.9997398257255554
93,0.9998267292976379,0.00017328784451819956
94,0.9997312426567078,0.0002687125524971634
95,0.19331367313861847,0.8066863417625427
96,0.000493135186843574,0.9995068311691284
97,0.00044518528738990426,0.9995548129081726
98,0.00012554373824968934,0.999874472618103
99,0.009684858843684196,0.9903151392936707
100,0.004066424444317818,0.9959335923194885
101,0.0005259617464616895,0.9994741082191467
102,0.02011016197502613,0.9798898696899414
103,0.02991459332406521,0.9700854420661926
104,0.002068569418042898,0.9979314804077148
105,0.9997550845146179,0.00024487447808496654
106,0.00039776123594492674,0.9996022582054138
107,0.021196581423282623,0.9788034558296204
108,0.000194727152120322,0.9998052716255188
109,0.0004478835326153785,0.9995520710945129
110,0.0032041261438280344,0.9967958331108093
111,0.00016324537864420563,0.9998366832733154
112,0.0005661799805238843,0.9994338154792786
113,0.6346179842948914,0.36538204550743103
114,0.9999841451644897,1.589886778674554e-05
115,0.00011950258340220898,0.9998804330825806
116,0.00013773157843388617,0.9998621940612793
117,0.9999094009399414,9.059637523023412e-05
118,0.0006529667880386114,0.9993470311164856
119,0.002329745329916477,0.9976702332496643
120,0.0003364805888850242,0.9996634721755981
121,0.010328220203518867,0.9896717071533203
122,0.001420327229425311,0.9985796213150024
123,8.971362694865093e-05,0.9999102354049683
124,0.9365227222442627,0.06347734481096268
125,0.0002367433626204729,0.9997633099555969
126,0.005976210348308086,0.994023859500885
127,0.00016066036187112331,0.9998393058776855
128,0.0001456725731259212,0.999854326248169
129,0.0034299965482205153,0.9965699911117554
130,9.823551954468712e-05,0.9999017715454102
131,0.00015894674288574606,0.9998409748077393
132,0.346346914768219,0.6536530256271362
133,0.0006539371097460389,0.9993460774421692
134,0.0005077567766420543,0.9994921684265137
135,0.9954134821891785,0.004586523398756981
136,0.9996519088745117,0.0003480573068372905
137,0.0006898599676787853,0.9993101358413696
138,0.00010378520528320223,0.9998961687088013
139,0.00033926492324098945,0.9996607303619385
140,0.00038018851773813367,0.9996198415756226
141,0.8937532305717468,0.1062467098236084
142,0.00012987220543436706,0.9998700618743896
143,0.03013276308774948,0.9698672890663147
144,0.0002911851042881608,0.9997088313102722
145,0.999700665473938,0.0002993647940456867
146,0.9208419919013977,0.0791579931974411
147,0.0001526185224065557,0.999847412109375
148,0.03684372082352638,0.9631563425064087
149,0.9126764535903931,0.08732354640960693
150,0.00014807759725954384,0.9998519420623779
151,0.10323793441057205,0.8967620134353638
152,8.15284947748296e-05,0.9999184608459473
153,0.9993425011634827,0.0006575073348358274
154,0.0002776103501673788,0.999722421169281
155,0.0012085416819900274,0.998791515827179
156,0.003965438809245825,0.996034562587738
157,0.005479674786329269,0.994520366191864
158,0.0005591577501036227,0.9994408488273621
159,0.0033742834348231554,0.9966257810592651
160,0.0001529939763713628,0.9998469352722168
161,0.001505610067397356,0.9984943866729736
162,0.00014797526819165796,0.9998520612716675
163,0.001171750482171774,0.9988282322883606
164,0.0001632624916965142,0.9998366832733154
165,0.0029609135817736387,0.9970390796661377
166,4.353845361038111e-05,0.999956488609314
167,0.2113444209098816,0.7886556386947632
168,0.999983549118042,1.6439013052149676e-05
169,0.003571384819224477,0.9964286684989929
170,0.00024008392938412726,0.9997599720954895
171,0.00012158280878793448,0.9998784065246582
172,0.0017359870253130794,0.9982640147209167
173,0.00013860307808499783,0.9998613595962524
174,0.9998157620429993,0.00018426043970976025
175,0.00020937221415806562,0.999790608882904
176,0.0007603564881719649,0.9992396831512451
177,0.003354466985911131,0.9966455101966858
178,0.9999210834503174,7.886374805821106e-05
179,0.0012232010485604405,0.9987767338752747
180,0.0002822304086294025,0.9997177720069885
181,0.9953473210334778,0.004652720410376787
182,0.9991727471351624,0.0008272557170130312
183,0.11964845657348633,0.8803514838218689
184,0.0022188187576830387,0.9977812170982361
185,0.9999517202377319,4.8262678319588304e-05
186,0.000881507876329124,0.9991185069084167
187,0.0041329083032906055,0.995867133140564
188,0.0005289385444484651,0.999471127986908
189,0.0007938059861771762,0.9992062449455261
190,0.3566542863845825,0.6433457136154175
191,0.0002030595496762544,0.9997969269752502
192,0.0008182406891137362,0.9991816878318787
193,0.4091331660747528,0.5908668637275696
194,0.0003789795155171305,0.9996210336685181
195,0.0001711865479592234,0.9998288154602051
196,0.00016943675291258842,0.9998304843902588
197,0.0002548182965256274,0.9997451901435852
198,0.0001421694178134203,0.9998577833175659
199,0.9999727010726929,2.731813037826214e-05
200,0.9998053908348083,0.00019463546050246805
201,0.9996594190597534,0.00034060710459016263
202,0.9996887445449829,0.0003112324047833681
203,0.9994891881942749,0.000510792713612318
204,0.0002858951920643449,0.9997140765190125
205,0.007877616211771965,0.9921223521232605
206,0.0011939643882215023,0.9988059997558594
207,9.671958832768723e-05,0.9999033212661743
208,0.00047565842396579683,0.9995243549346924
209,0.0009920236188918352,0.9990079998970032
210,0.00020892510656267405,0.9997910857200623
211,0.0076553700491786,0.9923446774482727
212,0.0018701633671298623,0.9981299042701721
213,0.0002591715892776847,0.9997407793998718
214,0.004544087685644627,0.9954558610916138
215,0.9921934008598328,0.007806679699569941
216,0.001209090813063085,0.9987909197807312
217,0.0005097630782984197,0.9994902610778809
218,0.00014623816241510212,0.9998537302017212
219,0.010771690867841244,0.989228367805481
220,0.0005759713239967823,0.9994240999221802
221,0.002652211580425501,0.9973477125167847
222,0.00013438862515613437,0.9998656511306763
223,0.0036127592902630568,0.996387243270874
224,0.9999101161956787,8.990924834506586e-05
225,0.9993833303451538,0.0006166032399050891
226,0.9986200332641602,0.001379925524815917
227,0.2306589037179947,0.7693411111831665
228,0.9999914169311523,8.60743057273794e-06
229,0.00022167050337884575,0.9997783303260803
230,0.9999922513961792,7.738147360214498e-06
231,0.9989205598831177,0.0010794850531965494
232,0.0003453483514022082,0.9996546506881714
233,7.707639451837167e-05,0.9999228715896606
234,0.9998530149459839,0.00014700292376801372
235,0.0013335514813661575,0.9986664056777954
236,0.9999078512191772,9.219693311024457e-05
237,0.11611205339431763,0.8838880062103271
238,6.081606261432171e-05,0.9999392032623291
239,0.00232925103046,0.9976707100868225
240,0.9999544620513916,4.5582757593365386e-05
241,0.0006505262572318316,0.9993494153022766
242,0.022709054872393608,0.9772909283638
243,0.09920264035463333,0.9007973670959473
244,0.7034280896186829,0.2965719401836395
245,0.00022144235845189542,0.9997785687446594
246,0.0011240922613069415,0.9988759160041809
247,0.990480363368988,0.009519598446786404
248,0.9998283386230469,0.0001715762773528695
249,0.9993426203727722,0.0006573105347342789
250,0.9995213747024536,0.00047869159607216716
251,0.999677300453186,0.000322742504067719
252,0.8929004669189453,0.10709947347640991
253,0.0001383898052154109,0.9998615980148315
254,0.004773912485688925,0.9952260255813599
255,0.0006622244836762547,0.9993377327919006
256,0.0010133774485439062,0.9989866614341736
257,0.00013376917922869325,0.999866247177124
258,0.12514138221740723,0.8748586177825928
259,0.09436310082674026,0.9056369662284851
260,0.015492566861212254,0.9845074415206909
261,0.00012168022658443078,0.9998782873153687
262,0.0015432980144396424,0.9984567165374756
263,0.00019559131760615855,0.9998044371604919
264,0.9998993873596191,0.00010055815073428676
265,0.00017342338105663657,0.9998266100883484
266,0.000306439062114805,0.9996936321258545
267,0.0004176735819783062,0.9995823502540588
268,0.9639421105384827,0.03605791926383972
269,0.9999828338623047,1.720677755656652e-05
270,0.00028147344710305333,0.9997184872627258
271,0.00010774418478831649,0.9998922348022461
272,0.9995290040969849,0.0004710657231044024
273,0.008825504221022129,0.9911744594573975
274,0.9989989399909973,0.0010011151898652315
275,0.00036489186459220946,0.9996351003646851
276,0.00013203341222833842,0.9998679161071777
277,0.9995655417442322,0.00043441777233965695
278,0.9985989928245544,0.0014010531594976783
279,0.0009882780723273754,0.999011754989624
280,0.8589522838592529,0.14104771614074707
281,0.0001231352798640728,0.999876856803894
282,0.9988487958908081,0.001151230768300593
283,0.9991511106491089,0.0008488297462463379
284,0.9234028458595276,0.07659710943698883
285,0.7469471096992493,0.2530529499053955
286,0.0009054267429746687,0.9990946054458618
287,0.09509813040494919,0.904901921749115
288,0.02216564677655697,0.9778343439102173
289,0.003380581270903349,0.9966193437576294
290,0.0022637750953435898,0.9977362155914307
291,0.00015711532614659518,0.9998428821563721
292,0.005752380937337875,0.994247555732727
293,0.03540594503283501,0.9645941257476807
294,0.9999973773956299,2.6573090963211143e-06
295,0.0003254668554291129,0.9996745586395264
296,0.05625322461128235,0.9437467455863953
297,0.00032420395291410387,0.9996757507324219
298,0.0011326957028359175,0.9988672733306885
299,0.979748547077179,0.020251478999853134
300,0.9886351823806763,0.01136488001793623
301,0.00014112914504949003,0.9998588562011719
302,0.00012059166328981519,0.9998793601989746
303,0.9990129470825195,0.0009870327776297927
304,0.9998629093170166,0.00013712706277146935
305,0.0026933711487799883,0.9973065853118896
306,0.9999229907989502,7.702188304392621e-05
307,0.002841375768184662,0.9971586465835571
308,0.9901782274246216,0.009821746498346329
309,0.0007474856683984399,0.9992524981498718
310,0.0029553300701081753,0.9970446228981018
311,0.9978954792022705,0.002104502171278
312,0.99974125623703,0.0002587136114016175
313,0.9999971389770508,2.885171852540225e-06
314,0.13191340863704681,0.868086576461792
315,0.00020576202950906008,0.9997943043708801
316,0.00022896970040164888,0.9997710585594177
317,0.0019932398572564125,0.9980067610740662
318,0.9985004663467407,0.0014995120000094175
319,0.9607378840446472,0.0392620749771595
320,0.9999425411224365,5.743248766520992e-05
321,0.000983931589871645,0.9990160465240479
322,0.9981864094734192,0.001813588198274374
323,0.0004610695759765804,0.9995388984680176
324,0.000427420309279114,0.9995725750923157
325,0.09861844778060913,0.9013815522193909
326,0.998958945274353,0.0010410582181066275
327,0.9999103546142578,8.958266698755324e-05
328,0.861319899559021,0.13868016004562378
329,0.001249932567588985,0.9987500905990601
330,0.9994875192642212,0.0005124324816279113
331,0.00020345064694993198,0.9997965693473816
332,4.989753870177083e-05,0.9999500513076782
333,0.00112047977745533,0.9988794922828674
334,0.9994999170303345,0.0005000531091354787
335,0.00017875897174235433,0.9998212456703186
336,0.007747079245746136,0.9922528862953186
337,0.00011179072316735983,0.9998881816864014
338,0.99960857629776,0.00039145155460573733
339,0.999916672706604,8.332177094416693e-05
340,0.0008655483252368867,0.9991344809532166
341,0.016908196732401848,0.9830917716026306
342,0.000812211015727371,0.9991877675056458
343,0.00018333247862756252,0.9998167157173157
344,4.716478360933252e-05,0.9999527931213379
345,0.9115631580352783,0.0884368047118187
346,8.930896001402289e-05,0.9999107122421265
347,0.8838664889335632,0.11613347381353378
348,0.0017278617015108466,0.998272180557251
349,0.011030562222003937,0.9889694452285767
350,0.0009632137371227145,0.9990367889404297
351,0.0037094673607498407,0.9962905645370483
352,0.0003043822362087667,0.9996956586837769
353,0.0007942864904180169,0.9992057681083679
354,0.004322590306401253,0.9956774115562439
355,0.013546770438551903,0.9864532351493835
356,0.043284643441438675,0.9567152857780457
357,0.0010679027764126658,0.9989320635795593
358,9.956386747944634e-06,0.9999899864196777
359,0.015825258567929268,0.9841746687889099
360,6.393976946128532e-05,0.9999361038208008
361,0.0029129371978342533,0.9970870614051819
362,0.00029471900779753923,0.9997052550315857
363,0.005911590065807104,0.9940884113311768
364,0.06255832314491272,0.9374417066574097
365,0.009372562170028687,0.9906274080276489
366,0.0013889581896364689,0.9986109733581543
367,0.999992847442627,7.197729701147182e-06
368,0.9998748302459717,0.00012518868607003242
369,0.00021842691057827324,0.9997815489768982
370,0.9999973773956299,2.6076277208630927e-06
371,0.9997161030769348,0.0002838451764546335
372,0.8089330792427063,0.19106687605381012
373,0.9999885559082031,1.1441652532084845e-05
374,0.9998321533203125,0.00016785989282652736
375,0.041920024901628494,0.9580799341201782
376,0.00014428405847866088,0.999855637550354
377,0.9992600083351135,0.0007400343893095851
378,0.0014786341926082969,0.9985213875770569
379,0.0008195384289138019,0.9991804957389832
380,0.9998182654380798,0.0001818020100472495
381,0.9782328605651855,0.021767113357782364
382,0.999874472618103,0.00012553918350022286
383,0.2188783437013626,0.7811216711997986
384,0.000500128255225718,0.9994999170303345
385,0.010246208868920803,0.9897538423538208
386,0.05404321849346161,0.9459567070007324
387,0.011825012043118477,0.9881750345230103
388,0.002035999670624733,0.9979640245437622
389,0.0002578829589765519,0.9997420907020569
390,0.005655799061059952,0.9943442344665527
391,0.796341598033905,0.20365846157073975
392,0.8759783506393433,0.12402167171239853
393,0.9982208609580994,0.001779121346771717
394,3.650317739811726e-05,0.9999635219573975
395,0.9997643828392029,0.00023558373504783958
396,0.0015352250775322318,0.998464822769165
397,0.00027313409373164177,0.9997268319129944
398,0.9999493360519409,5.0698741688393056e-05
399,0.009078603237867355,0.9909213185310364
400,7.772495882818475e-05,0.9999222755432129
401,0.002147519262507558,0.9978525638580322
402,0.01334565132856369,0.9866543412208557
403,0.9998413324356079,0.00015869476192165166
404,0.9999697208404541,3.0239765692385845e-05
405,0.9999902248382568,9.779862921277527e-06
406,0.995226263999939,0.004773744847625494
407,0.0006567250820808113,0.99934321641922
408,0.9995583891868591,0.00044155080104246736
409,0.9980693459510803,0.001930620870552957
410,0.0006316021317616105,0.9993683695793152
411,0.9999606609344482,3.9289003325393423e-05
412,0.9656520485877991,0.03434796631336212
413,0.3091653883457184,0.690834641456604
414,0.0006071033421903849,0.9993928670883179
415,0.019667603075504303,0.9803323745727539
416,0.9988597631454468,0.0011401963420212269
417,0.8492399454116821,0.15076003968715668
418,0.44020384550094604,0.559796154499054
419,0.02261309139430523,0.9773869514465332
420,0.15152862668037415,0.8484713435173035
421,0.0009506408241577446,0.9990493655204773
422,0.9997848868370056,0.0002150703512597829
423,0.0003282320685684681,0.9996718168258667
424,0.002338356338441372,0.9976615905761719
425,0.9999983310699463,1.7221515236087725e-06
426,0.00032820983324199915,0.9996718168258667
427,0.004192316439002752,0.9958076477050781
428,0.026982486248016357,0.9730175137519836
429,0.0008572322549298406,0.9991427659988403
430,0.4388815462589264,0.5611184239387512
431,0.000215485822991468,0.999784529209137
432,0.0003712938923854381,0.9996286630630493
433,0.9998694658279419,0.00013054329610895365
434,0.0002530661295168102,0.9997469782829285
435,0.008016232401132584,0.9919838309288025
436,0.0003388663462828845,0.9996610879898071
437,0.10499440878629684,0.8950055837631226
438,0.013314411044120789,0.9866855144500732
439,0.008028488606214523,0.991971492767334
440,0.9912840127944946,0.008716014213860035
441,0.00038661461439915,0.9996134638786316
442,0.0006022393354214728,0.9993977546691895
443,0.021202944219112396,0.9787970781326294
444,0.01420908235013485,0.9857909679412842
445,0.9648037552833557,0.0351962186396122
446,0.9996117949485779,0.00038829227560199797
447,0.9992244243621826,0.0007755372789688408
448,0.0010238814866170287,0.9989761114120483
449,0.9997666478157043,0.0002333139709662646
450,0.004620822612196207,0.9953792095184326
451,0.00039022351847961545,0.9996097683906555
452,0.6709511280059814,0.32904890179634094
453,0.0006116401636973023,0.9993883371353149
454,0.999228835105896,0.0007712143124081194
455,0.9996041655540466,0.0003958966408390552
456,0.9915428161621094,0.008457214571535587
457,0.001471244846470654,0.9985287189483643
458,0.0023116397205740213,0.9976884126663208
459,0.00046016069245524704,0.999539852142334
460,0.0017021658131852746,0.9982978701591492
461,0.010059147141873837,0.9899408221244812
462,0.998528003692627,0.0014719665050506592
463,0.9996817111968994,0.0003183623484801501
464,0.6692683100700378,0.33073174953460693
465,0.5827173590660095,0.41728267073631287
466,0.9991980195045471,0.0008020251989364624
467,0.5133943557739258,0.48660558462142944
468,0.0001664566370891407,0.9998334646224976
469,0.9999113082885742,8.873146725818515e-05
470,0.9476639032363892,0.05233614519238472
471,0.9998503923416138,0.00014952583296690136
472,0.07029450684785843,0.9297055006027222
473,0.007882574573159218,0.9921174645423889
474,0.9999569654464722,4.300908403820358e-05
475,0.0015040583675727248,0.9984959363937378
476,0.9986635446548462,0.0013364352053031325
477,0.9998283386230469,0.00017164141172543168
478,0.9999260902404785,7.392036059172824e-05
479,0.00040832272497937083,0.9995916485786438
480,0.000372974609490484,0.9996269941329956
481,0.0007330497610382736,0.9992669224739075
482,0.9994422793388367,0.0005576567491516471
483,0.021076861768960953,0.9789231419563293
484,0.0026064396370202303,0.9973934888839722
485,0.8660524487495422,0.13394756615161896
486,0.999974250793457,2.5700324840727262e-05
487,0.7555089592933655,0.24449105560779572
488,0.021427912637591362,0.9785721302032471
489,0.9993688464164734,0.0006312296609394252
490,0.9999517202377319,4.8318543122150004e-05
491,0.018618155270814896,0.981381893157959
492,0.002781895687803626,0.997218132019043
493,0.9999973773956299,2.6408577014080947e-06
494,0.003231202019378543,0.9967688322067261
495,0.000680667522829026,0.999319314956665
496,0.016010770574212074,0.9839892983436584
497,0.9995648264884949,0.00043515904690138996
498,0.9994814991950989,0.0005185100599192083
499,0.9999938011169434,6.216184829099802e-06
500,0.5085741281509399,0.49142584204673767
501,8.534325024811551e-05,0.9999146461486816
502,0.0004665166779886931,0.9995335340499878
503,2.0600971765816212e-05,0.9999793767929077
504,7.175994687713683e-05,0.9999282360076904
505,0.9991326928138733,0.000867317954543978
506,0.9969350099563599,0.003065029624849558
507,0.9804356098175049,0.019564390182495117
508,0.24663357436656952,0.7533664703369141
509,0.0005321583012118936,0.9994679093360901
510,0.9972099661827087,0.0027900589630007744
511,0.0006754429778084159,0.9993245601654053
512,0.005939678754657507,0.9940603375434875
513,0.999995231628418,4.788591468241066e-06
514,0.9998087286949158,0.00019134172180201858
515,8.311306737596169e-05,0.9999169111251831
516,0.00043151777936145663,0.999568521976471
517,0.0034497573506087065,0.9965502023696899
518,0.0002600423467811197,0.999739944934845
519,9.078204311663285e-05,0.9999091625213623
520,0.0001364434720017016,0.9998635053634644
521,0.00018044060561805964,0.9998195767402649
522,9.337929805042222e-05,0.9999066591262817
523,0.0004755012923851609,0.9995244741439819
524,8.978946425486356e-05,0.9999102354049683
525,0.00035101367393508554,0.999648928642273
526,5.2488194342004135e-05,0.9999475479125977
527,0.003520389785990119,0.9964796900749207
528,0.0007755809929221869,0.9992244243621826
529,0.00035269386717118323,0.9996472597122192
530,0.0020108656026422977,0.9979891777038574
531,1.4774699593544938e-05,0.9999852180480957
532,0.0012663600500673056,0.9987336993217468
533,5.650051753036678e-05,0.9999434947967529
534,0.018680403009057045,0.9813195466995239
535,0.009305426850914955,0.990694522857666
536,0.0017373552545905113,0.9982627034187317
537,0.9765325784683228,0.023467479273676872
538,0.9699397087097168,0.030060263350605965
539,0.002555361483246088,0.9974446296691895
540,0.9944135546684265,0.005586416460573673
541,0.9856970310211182,0.014303014613687992
542,0.997268557548523,0.0027314655017107725
543,0.0003853653324767947,0.9996145963668823
544,0.9988835453987122,0.0011164150200784206
545,0.056124478578567505,0.9438755512237549
546,0.006722568068653345,0.993277370929718
547,0.0007990554440766573,0.9992009997367859
548,0.0004894063458777964,0.999510645866394
549,0.00021292023302521557,0.9997871518135071
550,0.000579903251491487,0.999420166015625
551,0.0006490505184046924,0.9993509650230408
552,0.00030146705103106797,0.9996985197067261
553,0.026472073048353195,0.9735279679298401
554,0.0002963750157505274,0.999703586101532
555,0.0001479947241023183,0.9998519420623779
556,0.06092942878603935,0.9390706419944763
557,0.014400475658476353,0.9855995178222656
558,0.0020976916421204805,0.9979022741317749
559,0.00023189105559140444,0.999768078327179
560,0.003770210314542055,0.9962297081947327
561,0.0006688528228551149,0.9993312358856201
562,0.002520383335649967,0.9974796175956726
563,0.006085491739213467,0.9939145445823669
564,0.0347706601023674,0.9652292728424072
565,0.00026132730999961495,0.9997386336326599
566,0.0005695809959433973,0.9994303584098816
567,0.0033554015681147575,0.9966446161270142
568,0.00012829255138058215,0.9998717308044434
569,7.266727334354073e-05,0.999927282333374
570,0.0002487970923539251,0.9997511506080627
571,0.9430490732192993,0.05695093795657158
572,0.029268452897667885,0.9707315564155579
573,0.9878925681114197,0.012107398360967636
574,0.00033944821916520596,0.9996606111526489
575,0.00587543984875083,0.9941245913505554
576,0.0021353259216994047,0.9978646636009216
577,0.0008274054853245616,0.9991725087165833
578,0.0003420432622078806,0.9996579885482788
579,0.9964262843132019,0.003573687979951501
580,0.008677257224917412,0.9913227558135986
581,0.9789839386940002,0.021015996113419533
582,0.002747125690802932,0.997252881526947
583,0.00019512006838340312,0.9998049139976501
584,0.0001442029169993475,0.9998557567596436
585,0.119190514087677,0.8808095455169678
586,0.9917047023773193,0.008295300416648388
587,0.0029759802855551243,0.9970239996910095
588,0.0007874802104197443,0.9992125034332275
589,0.00884220376610756,0.9911577105522156
590,0.000493638392072171,0.9995063543319702
591,0.0014830847503617406,0.9985169768333435
592,0.977441132068634,0.022558895871043205
593,0.0003678729699458927,0.9996321201324463
594,0.007792347110807896,0.9922077059745789
595,0.9450876116752625,0.05491244047880173
596,0.001505062566138804,0.9984949827194214
597,0.0002036874502664432,0.9997963309288025
598,0.9141584038734436,0.08584167808294296
599,0.030690990388393402,0.9693090319633484
600,0.9994288086891174,0.0005711970152333379
601,0.0010938033228740096,0.998906135559082
602,0.9992722868919373,0.0007277479744516313
603,0.9872080683708191,0.01279194001108408
604,0.0005768113769590855,0.9994232654571533
605,0.0026624836027622223,0.9973375201225281
606,0.00045999145368114114,0.9995400905609131
607,0.998465895652771,0.0015341334510594606
608,0.21032822132110596,0.7896718382835388
609,0.00015929725486785173,0.9998407363891602
610,0.35668066143989563,0.6433193683624268
611,0.003044783603399992,0.996955156326294
612,0.0015701071824878454,0.9984298348426819
613,0.0005450539756566286,0.999454915523529
614,0.00038592820055782795,0.9996140599250793
615,0.986866295337677,0.013133775442838669
616,0.004496411420404911,0.9955036044120789
617,0.0009620320051908493,0.9990379810333252
618,0.0016624538693577051,0.9983375072479248
619,0.0003181560314260423,0.999681830406189
620,0.06334000080823898,0.9366599917411804
621,0.8927838802337646,0.10721611231565475
622,7.735240615147632e-06,0.9999922513961792
623,0.0003919715527445078,0.9996080994606018
624,0.0008569231140427291,0.9991430044174194
625,0.9998225569725037,0.00017743135686032474
626,0.9987311959266663,0.0012688386486843228
627,0.00015598190657328814,0.999843955039978
628,0.00010993063915520906,0.9998900890350342
629,0.470114141702652,0.5298858284950256
630,0.0042932238429784775,0.9957068562507629
631,0.0003289729356765747,0.9996709823608398
632,0.9999990463256836,9.96388166640827e-07
633,0.9999939203262329,6.041573669790523e-06
634,0.9925543665885925,0.007445619907230139
635,0.999987006187439,1.2948575204063673e-05
636,0.9999819993972778,1.795202297216747e-05
637,8.68412244017236e-05,0.9999130964279175
638,0.9972184896469116,0.0027815280482172966
639,0.9929662942886353,0.007033698260784149
640,0.9999891519546509,1.0844912139873486e-05
641,0.002077425830066204,0.9979225993156433
642,0.0003421828441787511,0.9996578693389893
643,0.8297721147537231,0.17022790014743805
644,0.00041919772047549486,0.9995808005332947
645,0.9557406306266785,0.04425940662622452
646,0.9999980926513672,1.92669358511921e-06
647,0.995959460735321,0.004040505737066269
648,0.9771773219108582,0.022822635248303413
649,0.0001557665382279083,0.9998441934585571
650,0.000425451435148716,0.999574601650238
651,0.0010948365088552237,0.9989051818847656
652,0.0011733263963833451,0.9988266825675964
653,8.366269321413711e-05,0.9999163150787354
654,0.008728723973035812,0.9912712574005127
655,0.005621843505650759,0.9943781495094299
656,0.00025177685893140733,0.999748170375824
657,0.6715000867843628,0.3284999430179596
658,0.00797242671251297,0.9920275807380676
659,0.0003164130903314799,0.9996836185455322
660,0.0019562887027859688,0.9980436563491821
661,0.00022268945758696645,0.9997773766517639
662,0.9999911785125732,8.840249392960686e-06
663,0.9994696974754333,0.0005303333746269345
664,0.004365541506558657,0.9956344962120056
665,0.0006395750096999109,0.9993603825569153
666,0.0010688736801967025,0.9989311099052429
667,0.0017245156923308969,0.9982755184173584
668,0.00011266999354120344,0.9998873472213745
669,5.4441890824818984e-05,0.9999455213546753
670,0.00045427156146615744,0.9995457530021667
671,0.0009265529224649072,0.9990733861923218
672,1.4097669918555766e-05,0.999985933303833
673,0.8012747168540955,0.1987253576517105
674,0.7682420015335083,0.2317580282688141
675,0.01742827147245407,0.9825717210769653
676,0.9990831613540649,0.0009168219985440373
677,0.0007668202742934227,0.9992332458496094
678,0.0029578153043985367,0.9970421195030212
679,0.00012155729928053916,0.9998784065246582
680,0.0006628755363635719,0.9993371367454529
681,0.0019115855684503913,0.9980884194374084
682,0.12282604724168777,0.877173900604248
683,0.14473626017570496,0.8552637100219727
684,0.9858042001724243,0.014195836149156094
685,0.34210005402565,0.6578999757766724
686,0.019164158031344414,0.9808357954025269
687,0.0006501259049400687,0.9993498921394348
688,0.5969741344451904,0.40302589535713196
689,0.03841504454612732,0.9615849852561951
690,0.00017245113849639893,0.99982750415802
691,0.006506824400275946,0.9934931397438049
692,0.525059163570404,0.47494086623191833
693,0.9992550015449524,0.0007449490949511528
694,0.0004524575197137892,0.99954754114151
695,0.3873961269855499,0.6126039028167725
696,0.4622442126274109,0.5377558469772339
697,0.0007591774337925017,0.9992408752441406
698,0.028697419911623,0.9713025689125061
699,0.0001623716962058097,0.9998376369476318
700,0.999985933303833,1.4059914065001067e-05
701,0.8232654333114624,0.1767345815896988
702,0.9965001344680786,0.0034998194314539433
703,0.00043814265518449247,0.9995618462562561
704,0.0011175068793818355,0.9988824725151062
705,0.024133706465363503,0.9758662581443787
706,0.8794180750846863,0.12058194726705551
707,0.0006977291195653379,0.9993022680282593
708,0.00019859184976667166,0.9998014569282532
709,0.9984513521194458,0.001548615051433444
710,0.00044023594819009304,0.9995597004890442
711,0.9572060108184814,0.04279398173093796
712,0.0010067395633086562,0.9989932179450989
713,0.0012439590645954013,0.9987560510635376
714,0.0006685483967885375,0.9993314743041992
715,0.011227418668568134,0.9887725710868835
716,0.0726236030459404,0.927376389503479
717,0.9994621872901917,0.0005378348869271576
718,0.003112910781055689,0.9968870282173157
719,0.0021056723780930042,0.9978943467140198
720,0.0017203629249706864,0.9982796907424927
721,0.0037354324012994766,0.9962645173072815
722,0.0011924834689125419,0.9988075494766235
723,0.999985933303833,1.4009534424985759e-05
724,0.04403293877840042,0.9559670686721802
725,0.9924250841140747,0.007574947085231543
726,0.9999980926513672,1.911089384520892e-06
727,0.9998862743377686,0.00011376036854926497
728,4.059000639244914e-05,0.9999593496322632
729,7.302335143322125e-05,0.9999269247055054
730,0.0002559107670094818,0.9997441172599792
731,0.006868824362754822,0.9931312203407288
732,0.9999631643295288,3.687854768941179e-05
733,0.0006419502315111458,0.9993579983711243
734,0.002397613599896431,0.9976024031639099
735,0.00024347531143575907,0.9997565150260925
736,0.8762852549552917,0.12371467798948288
737,0.9999486207962036,5.137906555319205e-05
738,0.8617784976959229,0.13822148740291595
739,0.9997503161430359,0.00024965585907921195
740,0.9910122156143188,0.00898785050958395
741,0.001235606730915606,0.9987643957138062
742,0.9999779462814331,2.203281292167958e-05
743,0.00038937272620387375,0.9996106028556824
744,0.018981516361236572,0.9810185432434082
745,7.613884372403845e-05,0.999923825263977
746,0.8408671021461487,0.1591329127550125
747,0.011000142432749271,0.9889999032020569
748,0.01026937272399664,0.9897305965423584
749,0.03390497341752052,0.9660950303077698
750,0.0027019393164664507,0.9972980618476868
751,0.014253553934395313,0.9857465028762817
752,0.0012532018590718508,0.9987467527389526
753,0.9996339082717896,0.0003660662332549691
754,0.9997686743736267,0.00023136832169257104
755,0.9996716976165771,0.0003282893158029765
756,0.9999606609344482,3.9369384467136115e-05
757,0.0004601569671649486,0.999539852142334
758,0.9996188879013062,0.00038114000926725566
759,0.0005507627502083778,0.9994491934776306
760,6.972200935706496e-05,0.9999302625656128
761,0.013224775902926922,0.986775279045105
762,0.0010717518161982298,0.9989282488822937
763,0.00018584031204227358,0.9998142123222351
764,0.0017541134729981422,0.9982459545135498
765,0.0004813759296666831,0.999518632888794
766,0.02183370105922222,0.9781662225723267
767,0.9553591012954712,0.04464089125394821
768,0.0025259710382670164,0.9974740147590637
769,0.9905577898025513,0.009442237205803394
770,0.0006594213773496449,0.9993405938148499
771,0.9994931221008301,0.0005068767350167036
772,0.00010352287790738046,0.9998964071273804
773,0.0002450832980684936,0.9997549653053284
774,0.9999145269393921,8.548790356144309e-05
775,0.00013957670307718217,0.999860405921936
776,0.00043015132541768253,0.999569833278656
777,0.0002503187279216945,0.9997497200965881
778,0.0001441767963115126,0.9998557567596436
779,0.9956002235412598,0.004399797413498163
780,0.05164797604084015,0.948352038860321
781,0.042588524520397186,0.957411527633667
782,0.03968667984008789,0.9603133797645569
783,0.0015310161979869008,0.9984689354896545
784,0.9988856911659241,0.0011143740266561508
785,0.0007818550220690668,0.9992181062698364
786,0.999714195728302,0.00028576303157024086
787,0.999757707118988,0.00024228527036029845
788,0.00031524812220595777,0.9996848106384277
789,0.9999817609786987,1.8297680071555078e-05
790,0.0016241063131019473,0.9983758926391602
791,0.00046290241880342364,0.9995371103286743
792,0.0014273618580773473,0.998572587966919
793,0.002954115392640233,0.9970459342002869
794,0.00016936552128754556,0.9998306035995483
795,0.9998795986175537,0.00012041575246257707
796,7.494178862543777e-05,0.9999250173568726
797,0.9998594522476196,0.00014055542123969644
798,0.027151165530085564,0.9728488326072693
799,0.9999535083770752,4.645658191293478e-05
800,0.9999823570251465,1.7698825104162097e-05
801,0.9997352957725525,0.0002647419460117817
802,0.9997431635856628,0.0002567759365774691
803,0.0002840880479197949,0.9997158646583557
804,4.211077612126246e-05,0.9999579191207886
805,0.0014313174178823829,0.9985686540603638
806,0.004702064208686352,0.9952979683876038
807,0.0001407668023603037,0.9998592138290405
808,0.0008415678748860955,0.9991583824157715
809,0.0001903434458654374,0.9998096823692322
810,0.9996833801269531,0.00031668320298194885
811,0.9999698400497437,3.014457797689829e-05
812,0.0046745711006224155,0.9953254461288452
813,0.9835131764411926,0.016486814245581627
814,0.046343207359313965,0.9536567330360413
815,0.9317538738250732,0.06824610382318497
816,0.0007781638414599001,0.9992218017578125
817,4.909607378067449e-05,0.9999508857727051
818,0.8288401365280151,0.17115990817546844
819,0.9998641014099121,0.0001358413719572127
820,0.9993020296096802,0.000697975920047611
821,0.0003377752145752311,0.9996622800827026
822,0.9949287176132202,0.0050712693482637405
823,0.9996457099914551,0.000354301038896665
824,0.00025616661878302693,0.9997438788414001
825,0.00043541009654290974,0.9995645880699158
826,0.9999655485153198,3.442485831328668e-05
827,0.00024856897653080523,0.9997513890266418
828,0.0019854712300002575,0.9980145692825317
829,0.0004788590595126152,0.9995211362838745
830,0.0008176873670890927,0.9991822838783264
831,0.8215505480766296,0.17844943702220917
832,0.15641625225543976,0.8435837626457214
833,0.0013033454306423664,0.9986966252326965
834,0.00029013148741796613,0.9997097849845886
835,0.9945778846740723,0.005422080866992474
836,0.9746249914169312,0.025375038385391235
837,0.621813178062439,0.3781868517398834
838,0.03810044005513191,0.9618995785713196
839,0.9997300505638123,0.0002699863107409328
840,0.9998980760574341,0.0001018897964968346
841,0.9519645571708679,0.048035383224487305
842,0.028119895607233047,0.9718800783157349
843,0.026053229346871376,0.973946750164032
844,0.8637916445732117,0.13620835542678833
845,0.9936263561248779,0.006373703945428133
846,8.918224193621427e-05,0.999910831451416
847,0.0007119274814613163,0.9992881417274475
848,0.0008153049857355654,0.9991846680641174
849,0.0008232396794483066,0.9991766810417175
850,6.257263157749549e-05,0.9999374151229858
851,0.48562106490135193,0.5143789649009705
852,0.0003830151108559221,0.9996169805526733
853,0.00045605565537698567,0.9995439648628235
854,0.00029960778192617,0.9997004270553589
855,0.0012267284328117967,0.9987732768058777
856,0.0010475836461409926,0.9989523887634277
857,0.995222270488739,0.004777774680405855
858,0.0005579811404459178,0.9994420409202576
859,0.01040640939027071,0.9895936250686646
860,0.01060488447546959,0.9893950819969177
861,0.999799907207489,0.00020008976571261883
862,0.9999902248382568,9.77892068476649e-06
863,0.9997326731681824,0.00026735663414001465
864,0.0002355540927965194,0.9997645020484924
865,0.006322669330984354,0.9936773180961609
866,0.019510924816131592,0.9804891347885132
867,0.999164342880249,0.00083569047274068
868,0.8839618563652039,0.11603811383247375
869,0.0007906607934273779,0.9992092847824097
870,0.9965299963951111,0.0034699796233326197
871,0.9917775392532349,0.008222461678087711
872,0.9949119687080383,0.005088117439299822
873,0.02531719021499157,0.9746828675270081
874,0.005478099454194307,0.9945218563079834
875,0.998630166053772,0.001369881210848689
876,0.0009266756824217737,0.9990732669830322
877,0.0011542789870873094,0.9988456964492798
878,0.9982630610466003,0.001736920210532844
879,0.008596588857471943,0.9914034008979797
880,0.9824640154838562,0.017535999417304993
881,0.2857555150985718,0.7142444849014282
882,0.0005425268900580704,0.9994574189186096
883,0.6908068656921387,0.30919313430786133
884,0.908768355846405,0.09123168885707855
885,0.003423209534958005,0.996576726436615
886,0.00026240388979204,0.999737560749054
887,0.15571804344654083,0.8442819118499756
888,0.5894707441329956,0.410529226064682
889,0.011650090105831623,0.9883499145507812
890,0.9967605471611023,0.0032394903246313334
891,0.9997357726097107,0.00026423129020258784
892,0.9996039271354675,0.00039604230551049113
893,0.004783319775015116,0.9952167272567749
894,9.952576510841027e-05,0.9999004602432251
895,0.3721292316913605,0.6278707981109619
896,0.0020902049727737904,0.9979097247123718
897,0.8876411318778992,0.11235886067152023
898,0.23280975222587585,0.7671902775764465
899,0.0005013589398004115,0.9994986057281494
900,0.02062150463461876,0.9793785214424133
901,0.9999226331710815,7.733068196102977e-05
902,0.0010529686696827412,0.9989470839500427
903,0.9996652603149414,0.0003347892197780311
904,0.03365009278059006,0.9663498997688293
905,0.002366674365475774,0.9976333379745483
906,2.952379327325616e-05,0.9999704360961914
907,0.032475393265485764,0.9675246477127075
908,0.006427420768886805,0.9935725927352905
909,0.0670013353228569,0.9329987168312073
910,0.9998098015785217,0.00019024692301172763
911,0.9998419284820557,0.00015809305477887392
912,0.006975745782256126,0.9930242300033569
913,0.0002824487164616585,0.9997175335884094
914,0.5068913698196411,0.4931086599826813
915,0.024635741487145424,0.9753643274307251
916,0.0016488675028085709,0.9983510971069336
917,9.53442431637086e-05,0.9999046325683594
918,0.9900998473167419,0.009900123812258244
919,0.9997031092643738,0.00029690584051422775
920,0.00121094542555511,0.9987891316413879
921,0.9996191263198853,0.00038088831934146583
922,0.0009249626309610903,0.9990750551223755
923,0.0006330557516776025,0.9993669390678406
924,0.9940652847290039,0.005934707820415497
925,0.0029529989697039127,0.9970470070838928
926,0.01212463527917862,0.9878754019737244
927,0.23158468306064606,0.7684153318405151
928,0.0008519453112967312,0.9991480112075806
929,9.786199370864779e-05,0.9999021291732788
930,0.000801224960014224,0.9991987347602844
931,0.0010023372014984488,0.9989976286888123
932,0.9988337159156799,0.0011662684846669436
933,0.9111043810844421,0.08889561146497726
934,0.00976006779819727,0.9902399778366089
935,0.005728051997721195,0.994271993637085
936,0.06067410483956337,0.9393259286880493
937,0.0004597437509801239,0.9995403289794922
938,0.006222183350473642,0.993777871131897
939,0.984460175037384,0.015539824031293392
940,0.021117936819791794,0.9788820743560791
941,0.9999983310699463,1.6660558230796596e-06
942,0.996428906917572,0.0035711131058633327
943,0.00032831967109814286,0.9996716976165771
944,6.037665662006475e-05,0.9999395608901978
945,0.9996860027313232,0.0003140281478408724
946,4.27566010330338e-05,0.9999572038650513
947,0.00020742336346302181,0.9997926354408264
948,0.0005933665088377893,0.9994066953659058
949,0.9999611377716064,3.881200245814398e-05
950,0.9997181296348572,0.000281864166026935
951,0.05495335906744003,0.945046603679657
952,0.999783456325531,0.0002166078775189817
953,0.004168801009654999,0.9958311915397644
954,0.995518684387207,0.004481323063373566
955,0.9994593262672424,0.0005406906711868942
956,0.005727704614400864,0.9942723512649536
957,0.0025178948417305946,0.9974821209907532
958,0.00465357257053256,0.9953463673591614
959,8.618085121270269e-05,0.9999138116836548
960,0.002916656667366624,0.9970833659172058
961,0.0001537440693937242,0.9998462200164795
962,0.00020627352932933718,0.9997937083244324
963,0.0003335712244734168,0.9996664524078369
964,0.0011715551372617483,0.9988284707069397
965,0.9985881447792053,0.0014118098188191652
966,0.00017838437634054571,0.9998216032981873
967,0.9897724986076355,0.010227486491203308
968,0.0002848286821972579,0.9997151494026184
969,0.9999955892562866,4.386743967188522e-06
970,0.0030900517012923956,0.9969099164009094
971,0.015555283986032009,0.9844447374343872
972,0.845859944820404,0.15414004027843475
973,0.9951611161231995,0.004838872700929642
974,0.9999641180038452,3.5888428101316094e-05
975,0.989862322807312,0.010137682780623436
976,0.0012474817922338843,0.9987524747848511
977,9.09603841137141e-05,0.9999090433120728
978,0.0004384146595839411,0.999561607837677
979,0.002472060965374112,0.9975278973579407
980,0.004217253997921944,0.995782732963562
981,0.2851783335208893,0.7148216366767883
982,7.210208423202857e-05,0.9999278783798218
983,0.00038295265403576195,0.9996169805526733
984,0.9986711740493774,0.0013288365444168448
985,0.0024482368025928736,0.9975517392158508
986,0.001519292127341032,0.9984807372093201
987,0.08714084327220917,0.9128592014312744
988,0.0013254855293780565,0.9986745119094849
989,0.0007598820375278592,0.9992401599884033
990,0.0015074987895786762,0.9984924793243408
991,0.00046958084567449987,0.9995304346084595
992,0.9900621175765991,0.009937929920852184
993,0.9999498128890991,5.0213155191158876e-05
994,0.9999673366546631,3.265639315941371e-05
995,0.9999752044677734,2.4846664018696174e-05
996,0.9998781681060791,0.00012184093066025525
997,0.9997976422309875,0.00020235333067830652
998,0.00312023120932281,0.9968798160552979
999,0.7044119238853455,0.29558804631233215
1000,0.0008635350386612117,0.9991365075111389
1001,0.9997641444206238,0.0002358482452109456
1002,0.0976419746875763,0.9023579955101013
1003,0.9992672801017761,0.000732695683836937
1004,0.9951534271240234,0.004846577532589436
1005,0.00019519634952303022,0.9998047947883606
1006,0.9999816417694092,1.8333956177229993e-05
1007,0.17084911465644836,0.8291508555412292
1008,0.9966189861297607,0.0033810152672231197
1009,0.0005303647485561669,0.9994696974754333
1010,0.9914504885673523,0.008549556136131287
1011,0.9996532201766968,0.0003467900678515434
1012,0.004648301284760237,0.9953516721725464
1013,0.5415790677070618,0.45842093229293823
1014,0.9973756074905396,0.0026244199834764004
1015,0.0006302011315710843,0.9993698000907898
1016,0.0018205877859145403,0.9981794357299805
1017,0.0005453699850477278,0.99945467710495
1018,0.9999971389770508,2.918861127909622e-06
1019,0.0003487656358629465,0.9996511936187744
1020,0.5123522281646729,0.48764780163764954
1021,0.9907174706459045,0.009282569400966167
1022,0.0008164696046151221,0.9991834759712219
1023,0.048047251999378204,0.9519528150558472
1024,0.0003214108292013407,0.9996786117553711
1025,0.0007139137014746666,0.9992861151695251
1026,0.0021925880573689938,0.9978074431419373
1027,0.9998378753662109,0.00016208335000555962
1028,0.0005917627713643014,0.9994082450866699
1029,0.061064522713422775,0.9389354586601257
1030,0.24171778559684753,0.7582822442054749
1031,0.0003426380571909249,0.999657392501831
1032,0.015492682345211506,0.9845073223114014
1033,0.004661336075514555,0.9953386783599854
1034,0.9995107650756836,0.000489280850160867
1035,0.988171398639679,0.011828514747321606
1036,0.9999268054962158,7.315201219171286e-05
1037,0.00021440861746668816,0.9997856020927429
1038,0.9961245656013489,0.0038754830602556467
1039,0.9999223947525024,7.759912841720507e-05
1040,0.00031817180570214987,0.999681830406189
1041,0.9999086856842041,9.12896211957559e-05
1042,0.9999679327011108,3.202957668690942e-05
1043,0.9994658827781677,0.0005340841598808765
1044,0.00013598367513623089,0.9998639822006226
1045,0.9999620914459229,3.788903268286958e-05
1046,1.3133657375874463e-05,0.9999868869781494
1047,0.00022182399698067456,0.9997782111167908
1048,0.0013720955466851592,0.9986279010772705
1049,0.00017973556532524526,0.9998202919960022
1050,0.9997053742408752,0.00029454907053150237
1051,0.0018709627911448479,0.9981290698051453
1052,0.9997813105583191,0.00021873746300116181
1053,6.726290303049609e-05,0.9999327659606934
1054,0.0046791392378509045,0.9953208565711975
1055,0.0031255646608769894,0.9968744516372681
1056,0.44472557306289673,0.555274486541748
1057,0.00022889174579177052,0.9997710585594177
1058,0.00029007456032559276,0.9997099041938782
1059,0.9994114637374878,0.0005885541322641075
1060,0.9998487234115601,0.00015130139945540577
1061,0.9999237060546875,7.632844790350646e-05
1062,0.00015002938744146377,0.9998499155044556
1063,0.00330064888112247,0.9966992735862732
1064,5.701851478079334e-05,0.9999430179595947
1065,0.28070276975631714,0.7192972898483276
1066,0.00023690774105489254,0.9997630715370178
1067,0.0025247589219361544,0.9974752068519592
1068,0.9044549465179443,0.09554500877857208
1069,0.9912364482879639,0.008763587102293968
1070,0.0048180995509028435,0.9951818585395813
1071,0.9998906850814819,0.00010931410361081362
1072,0.998892605304718,0.001107397023588419
1073,0.0012821253621950746,0.9987179040908813
1074,0.009398896247148514,0.9906010627746582
1075,0.005616426933556795,0.9943835735321045
1076,0.00426919711753726,0.9957308173179626
1077,0.0012494171969592571,0.9987505674362183
1078,0.00010965424735331908,0.9998903274536133
1079,0.9994542002677917,0.0005457742372527719
1080,0.9997040629386902,0.0002959605189971626
1081,0.9995197057723999,0.00048028508899733424
1082,0.0015406198799610138,0.9984593391418457
1083,0.9524228572845459,0.047577131539583206
1084,0.9663200378417969,0.033679939806461334
1085,0.0004311591910663992,0.9995688796043396
1086,0.0008713793358765543,0.9991286396980286
1087,0.9677920937538147,0.0322079062461853
1088,0.9991278052330017,0.000872256641741842
1089,0.9435713887214661,0.056428663432598114
1090,0.5444397926330566,0.45556020736694336
1091,0.00018467448535375297,0.9998154044151306
1092,0.9998557567596436,0.00014428023132495582
1093,0.0009733787155710161,0.9990266561508179
1094,0.999661922454834,0.00033811043249443173
1095,0.0006813866784796119,0.9993185997009277
1096,0.9995301961898804,0.0004698342818301171
1097,0.36658385396003723,0.6334161162376404
1098,0.9999092817306519,9.06781351659447e-05
1099,0.00713834073394537,0.9928616881370544
1100,0.999921441078186,7.856859883759171e-05
1101,0.9985742568969727,0.0014257818693295121
1102,0.0009556682198308408,0.9990443587303162
1103,0.00011095703666796908,0.9998890161514282
1104,0.00015818985411897302,0.9998418092727661
1105,0.02284083515405655,0.9771592020988464
1106,0.0076842657290399075,0.9923157691955566
1107,0.9997219443321228,0.0002780386421363801
1108,0.003858598880469799,0.9961413741111755
1109,0.0001180130202556029,0.9998819828033447
1110,0.99998939037323,1.062023511622101e-05
1111,0.001067719771526754,0.9989323019981384
1112,0.9985136389732361,0.0014863130636513233
1113,0.9986093044281006,0.0013906937092542648
1114,0.999549925327301,0.00045000400859862566
1115,0.9957959651947021,0.004204012453556061
1116,0.9996459484100342,0.00035403668880462646
1117,0.9985094666481018,0.0014904991257935762
1118,0.9995335340499878,0.0004665344604291022
1119,0.8991295695304871,0.10087042301893234
1120,0.9998180270195007,0.0001820507604861632
1121,0.03434775769710541,0.9656521677970886
1122,0.9985029697418213,0.0014970609918236732
1123,0.9998663663864136,0.00013361620949581265
1124,0.9977951049804688,0.0022048926912248135
1125,0.9999725818634033,2.7362297259969637e-05
1126,0.9999285936355591,7.144326809793711e-05
1127,0.9999772310256958,2.2720185370417312e-05
1128,0.0004921167274005711,0.9995079040527344
1129,0.004775854758918285,0.9952241778373718
1130,0.005780745763331652,0.9942193031311035
1131,0.9805821776390076,0.01941780000925064
1132,0.9999887943267822,1.1201493180124089e-05
1133,0.9958167672157288,0.004183201119303703
1134,0.6548149585723877,0.3451850116252899
1135,0.5815602540969849,0.41843971610069275
1136,0.010717777535319328,0.9892822504043579
1137,0.006930245086550713,0.9930697083473206
1138,0.000727165665011853,0.999272882938385
1139,0.9999319314956665,6.80079756421037e-05
1140,0.0003701061359606683,0.9996298551559448
1141,0.0001615197688806802,0.9998384714126587
1142,0.9607088565826416,0.0392911434173584
1143,0.000800411100499332,0.9991995692253113
1144,0.9828922748565674,0.017107730731368065
1145,0.970240592956543,0.029759448021650314
1146,5.206047717365436e-05,0.9999479055404663
1147,0.14065295457839966,0.8593470454216003
1148,0.0031411289237439632,0.9968588352203369
1149,0.0005746711976826191,0.9994254112243652
1150,0.985228955745697,0.014770973473787308
1151,0.0011091917986050248,0.9988908171653748
1152,0.0002368390851188451,0.9997631907463074
1153,6.319393287412822e-05,0.9999368190765381
1154,0.9989266991615295,0.00107333913911134
1155,0.9999345541000366,6.538415618706495e-05
1156,0.014150983653962612,0.9858490228652954
1157,0.00011692201951518655,0.9998830556869507
1158,0.999854326248169,0.000145663958392106
1159,0.0008776228642091155,0.9991223216056824
1160,0.9989701509475708,0.0010298839770257473
1161,0.007600001059472561,0.9923999309539795
1162,0.00024190232215914875,0.9997580647468567
1163,0.9983869791030884,0.0016130859730765224
1164,0.9982298016548157,0.0017702517798170447
1165,0.002314757090061903,0.9976851940155029
1166,0.9997335076332092,0.0002664504572749138
1167,0.9988963603973389,0.0011036040959879756
1168,0.03318523243069649,0.9668147563934326
1169,0.004677353892475367,0.9953226447105408
1170,0.9998120665550232,0.00018800239195115864
1171,0.999983549118042,1.644744952500332e-05
1172,0.9998733997344971,0.00012654997408390045
1173,0.9997180104255676,0.00028201204258948565
1174,0.9999990463256836,1.0019472256317385e-06
1175,0.9553948044776917,0.044605154544115067
1176,0.9986819624900818,0.0013179929228499532
1177,0.1241702288389206,0.8758297562599182
1178,0.001650043879635632,0.9983500242233276
1179,0.013321487233042717,0.9866785407066345
1180,0.0046053496189415455,0.9953946471214294
1181,0.0035171692725270987,0.9964828491210938
1182,0.9999967813491821,3.198399554094067e-06
1183,0.9991723299026489,0.0008277075830847025
1184,9.20845486689359e-05,0.9999078512191772
1185,0.9998724460601807,0.0001275915274163708
1186,0.9999985694885254,1.4496442872768966e-06
1187,0.9998378753662109,0.00016209726163651794
1188,0.9997435212135315,0.0002564427559264004
1189,0.0011478152591735125,0.9988521337509155
1190,0.0008292857091873884,0.9991707801818848
1191,0.9999297857284546,7.022674253676087e-05
1192,0.0003572957939468324,0.9996427297592163
1193,0.0027458781842142344,0.9972540736198425
1194,0.00033281490323133767,0.9996671676635742
1195,0.9598020911216736,0.0401979461312294
1196,0.9990091323852539,0.000990790082141757
1197,0.00013451938866637647,0.9998654127120972
1198,0.008107672445476055,0.9918923377990723
1199,0.0010097528574988246,0.9989902377128601
1200,4.193604763713665e-05,0.9999580383300781
1201,0.9998799562454224,0.00012008001795038581
1202,6.811650382587686e-05,0.9999319314956665
1203,0.0002889203024096787,0.9997110962867737
1204,0.0011017820797860622,0.9988981485366821
1205,0.999742329120636,0.0002576622646301985
1206,0.9998487234115601,0.00015122033073566854
1207,0.9994713664054871,0.0005286217201501131
1208,0.9997735619544983,0.0002265058719785884
1209,0.02133490890264511,0.9786650538444519
1210,0.999991774559021,8.210239684558474e-06
1211,0.9999243021011353,7.56452718633227e-05
1212,5.33640559297055e-05,0.9999465942382812
1213,0.010871422477066517,0.9891286492347717
1214,0.009527240879833698,0.9904727339744568
1215,2.677775773918256e-05,0.9999731779098511
1216,0.02260100468993187,0.9773989915847778
1217,0.9597521424293518,0.04024790972471237
1218,0.9996101260185242,0.00038986894651316106
1219,0.9996943473815918,0.00030565125052817166
1220,0.9997338652610779,0.000266162765910849
1221,0.9987543821334839,0.0012455792166292667
1222,0.00026130786864086986,0.9997386336326599
1223,0.0005232261028140783,0.9994768500328064
1224,0.00015539566811639816,0.9998445510864258
1225,0.9999926090240479,7.39191091270186e-06
1226,0.9995681643486023,0.000431822263635695
1227,0.177009716629982,0.8229902386665344
1228,0.0015971822431311011,0.9984027743339539
1229,0.9996625185012817,0.000337526696966961
1230,0.9999104738235474,8.947509195422754e-05
1231,0.98395836353302,0.016041690483689308
1232,0.0015343044651672244,0.9984657764434814
1233,0.002840827452018857,0.9971592426300049
1234,0.9984771609306335,0.0015228174161165953
1235,0.0008989336201921105,0.9991010427474976
1236,0.16055794060230255,0.8394420146942139
1237,0.9991616010665894,0.0008384143002331257
1238,0.00011670558887999505,0.9998832941055298
1239,0.02364819496870041,0.9763518571853638
1240,9.302095713792369e-05,0.9999070167541504
1241,0.00072115269722417,0.9992788434028625
1242,0.00038995782961137593,0.9996101260185242
1243,0.0001292771630687639,0.9998706579208374
1244,0.007095635402947664,0.9929043650627136
1245,0.002671773312613368,0.9973282814025879
1246,0.15729565918445587,0.8427043557167053
1247,0.00469511142000556,0.9953049421310425
1248,0.011980589479207993,0.9880194067955017
1249,0.8983247876167297,0.10167526453733444
1250,0.053812507539987564,0.9461874961853027
1251,0.9993520379066467,0.0006480035372078419
1252,0.9997631907463074,0.00023676366254221648
1253,0.7501147389411926,0.24988532066345215
1254,0.00032473509781993926,0.9996752738952637
1255,0.9961646795272827,0.0038353244308382273
1256,0.9976748824119568,0.002325066365301609
1257,0.9933016300201416,0.00669842679053545
1258,0.9999529123306274,4.7071505832718685e-05
1259,0.0007382874027825892,0.9992616772651672
1260,0.9979068040847778,0.0020932387560606003
1261,0.9182013869285583,0.08179863542318344
1262,0.8843943476676941,0.11560564488172531
1263,0.9999985694885254,1.3952410427009454e-06
1264,0.0005134844104759395,0.9994864463806152
1265,0.9999572038650513,4.277348853065632e-05
1266,0.9994749426841736,0.0005250615649856627
1267,0.999843955039978,0.0001560674572829157
1268,0.9996792078018188,0.0003207896661479026
1269,0.0012300395173951983,0.9987699389457703
1270,0.9996067881584167,0.00039327258127741516
1271,0.00023624008463229984,0.9997637867927551
1272,0.00018664404342416674,0.9998133778572083
1273,0.001120815984904766,0.9988791346549988
1274,0.0006376505480147898,0.9993624091148376
1275,0.0001574873022036627,0.9998425245285034
1276,0.00034070402034558356,0.9996592998504639
1277,0.003991281148046255,0.9960087537765503
1278,3.491107781883329e-05,0.9999650716781616
1279,0.0003541814803611487,0.9996458292007446
1280,0.0005972494254820049,0.9994027614593506
1281,0.0002000066015170887,0.9998000264167786
1282,0.9997995495796204,0.0002004797279369086
1283,0.9861577749252319,0.013842255808413029
1284,0.0001803921040846035,0.9998195767402649
1285,0.00029148979228921235,0.9997084736824036
1286,0.0066818720661103725,0.9933180809020996
1287,0.01301877386868,0.986981213092804
1288,0.9999897480010986,1.019592491502408e-05
1289,0.9998950958251953,0.00010490367276361212
1290,0.9972108006477356,0.002789263380691409
1291,0.5325318574905396,0.46746811270713806
1292,0.014025186188519001,0.9859748482704163
1293,0.002556969178840518,0.9974430799484253
1294,0.22425241768360138,0.7757475972175598
1295,0.01226840354502201,0.9877316355705261
1296,0.0014895997010171413,0.9985104203224182
1297,0.9996719360351562,0.0003280678065493703
1298,0.9997504353523254,0.0002495597000233829
1299,0.9929042458534241,0.007095726206898689
1300,0.0005631203530356288,0.9994369149208069
1301,0.9999185800552368,8.143999730236828e-05
1302,0.9935575127601624,0.006442527286708355
1303,0.00014708928938489407,0.9998528957366943
1304,0.9997482895851135,0.00025169935543090105
1305,0.00024558152654208243,0.9997543692588806
1306,0.01786172389984131,0.9821382761001587
1307,0.9998419284820557,0.00015807316231075674
1308,0.9938441514968872,0.006155829876661301
1309,0.9456454515457153,0.05435457453131676
1310,0.00010429285612190142,0.9998956918716431
1311,0.9999852180480957,1.4798389202042017e-05
1312,0.990939736366272,0.009060297161340714
1313,0.0004530574369709939,0.9995469450950623
1314,0.9105562567710876,0.08944376558065414
1315,0.9153079390525818,0.0846920758485794
1316,0.9997988343238831,0.00020115755614824593
1317,0.9993805885314941,0.0006194296875037253
1318,0.9999265670776367,7.341974560404196e-05
1319,0.9998175501823425,0.00018244644161313772
1320,0.9996957778930664,0.0003041982708964497
1321,0.9997459053993225,0.0002541338908486068
1322,0.9988941550254822,0.001105818315409124
1323,0.9997910857200623,0.00020890877931378782
1324,0.9999871253967285,1.2819696166843642e-05
1325,0.9998524188995361,0.00014761647616978735
1326,0.999845027923584,0.0001549464650452137
1327,0.9999134540557861,8.659629384055734e-05
1328,0.9996358156204224,0.000364126666681841
1329,0.942742109298706,0.05725784972310066
1330,0.9807642698287964,0.019235799089074135
1331,0.10677426308393478,0.8932257294654846
1332,0.9999934434890747,6.597457741008839e-06
1333,0.9995850920677185,0.00041490266448818147
1334,0.9979686141014099,0.0020313600543886423
1335,0.9999725818634033,2.738594776019454e-05
1336,0.9993597865104675,0.0006402733852155507
1337,0.9999485015869141,5.155182589078322e-05
1338,0.9972946047782898,0.0027054327074438334
1339,0.995800793170929,0.004199190065264702
1340,0.9998243451118469,0.00017566380847711116
1341,0.9985085129737854,0.0014914731727913022
1342,0.9986807703971863,0.0013191746547818184
1343,0.9982926249504089,0.0017073283670470119
1344,0.9962491393089294,0.003750863717868924
1345,0.9994161128997803,0.000583852466661483
1346,0.9998059868812561,0.00019398699805606157
1347,0.9996531009674072,0.00034688133746385574
1348,0.9997469782829285,0.00025306924362666905
1349,0.7500215172767639,0.24997849762439728
1350,0.9987264275550842,0.0012735137715935707
1351,0.9999909400939941,9.06391505850479e-06
1352,0.9999961853027344,3.800694685196504e-06
1353,0.00767581956461072,0.9923241138458252
1354,0.9998775720596313,0.00012244493700563908
1355,0.9994644522666931,0.0005355083849281073
1356,0.9999955892562866,4.373494448373094e-06
1357,0.9995778203010559,0.000422139884904027
1358,0.04776846244931221,0.9522315859794617
1359,0.9996446371078491,0.0003554059367161244
1360,0.5398151278495789,0.46018490195274353
1361,0.9999985694885254,1.4112556527834386e-06
1362,0.8100513219833374,0.1899486482143402
1363,0.999721109867096,0.00027890896308235824
1364,0.9997485280036926,0.00025152662419714034
1365,0.9958435893058777,0.00415645120665431
1366,0.9993707537651062,0.0006292317993938923
1367,0.9998026490211487,0.00019736579270102084
1368,0.9999945163726807,5.509560651262291e-06
1369,0.9989451766014099,0.0010548537829890847
1370,0.9999291896820068,7.074813765939325e-05
1371,0.9952120780944824,0.004787902347743511
1372,0.9999641180038452,3.587337414501235e-05
1373,0.9736672639846802,0.02633270062506199
1374,0.9998785257339478,0.0001214755029650405
1375,0.9996395111083984,0.00036048245965503156
1376,0.9998691082000732,0.0001309044164372608
1377,0.9999080896377563,9.186562965624034e-05
1378,0.9998956918716431,0.000104247905255761
1379,0.9945613741874695,0.005438687279820442
1380,0.9803985953330994,0.01960139349102974
1381,0.9999712705612183,2.873502489819657e-05
1382,0.037657059729099274,0.9623429775238037
1383,0.9999243021011353,7.566215936094522e-05
1384,0.9991356730461121,0.0008643825422041118
1385,0.9999490976333618,5.092167339171283e-05
1386,0.997398853302002,0.0026011383160948753
1387,0.09736904501914978,0.9026309251785278
1388,0.8281092047691345,0.17189079523086548
1389,0.9998528957366943,0.0001471181894885376
1390,0.7331066727638245,0.26689332723617554
1391,0.9996501207351685,0.00034982789657078683
1392,0.9819543361663818,0.018045669421553612
1393,0.7251105308532715,0.27488940954208374
1394,0.999921441078186,7.854642171878368e-05
1395,0.9999502897262573,4.9670888984110206e-05
1396,0.9729458689689636,0.02705407701432705
1397,0.9972996115684509,0.0027004044968634844
1398,0.9999963045120239,3.747924438357586e-06
1399,0.6846407055854797,0.31535932421684265
1400,0.9999980926513672,1.941058826560038e-06
1401,0.9997965693473816,0.00020346538804005831
1402,0.999984860420227,1.513126971985912e-05
1403,0.9998966455459595,0.00010340104199713096
1404,0.9994243383407593,0.0005757171893492341
1405,0.9994572997093201,0.0005427327705547214
1406,0.9997448325157166,0.0002551659708842635
1407,0.9998188614845276,0.00018119526794180274
1408,0.9998891353607178,0.00011088426981586963
1409,0.9999746084213257,2.5403967811143957e-05
1410,0.9999943971633911,5.603660611086525e-06
1411,0.99896240234375,0.001037634676322341
1412,0.9999841451644897,1.5822104614926502e-05
1413,0.9988577365875244,0.001142221037298441
1414,0.999518632888794,0.000481396826216951
1415,0.9999650716781616,3.49473521055188e-05
1416,0.02141251042485237,0.9785875678062439
1417,0.999848484992981,0.00015150567924138159
1418,0.9988995790481567,0.001100377645343542
1419,0.9988837838172913,0.0011162407463416457
1420,0.949000895023346,0.05099911987781525
1421,0.9949052333831787,0.0050947838462889194
1422,0.9995831847190857,0.000416861119447276
1423,0.9998451471328735,0.00015486434858758003
1424,0.9994148015975952,0.0005851906607858837
1425,0.9999990463256836,9.041864927894494e-07
1426,0.9999057054519653,9.432022488908842e-05
1427,0.9996023774147034,0.0003976218868046999
1428,0.9993671774864197,0.0006328337476588786
1429,0.9506672620773315,0.04933276027441025
1430,0.998668909072876,0.001331125502474606
1431,0.9959849119186401,0.004015057347714901
1432,0.9987097978591919,0.0012902121525257826
1433,0.9999728202819824,2.7183046768186614e-05
1434,0.9998239874839783,0.00017603050218895078
1435,0.998653769493103,0.0013461795169860125
1436,0.9998102784156799,0.0001897619222290814
1437,0.9893267154693604,0.01067330688238144
1438,0.999970555305481,2.9405273380689323e-05
1439,0.9998511075973511,0.00014886374992784113
1440,0.9999986886978149,1.2649353493543458e-06
1441,0.9998565912246704,0.00014340132474899292
1442,0.9999858140945435,1.417660587321734e-05
1443,0.9999228715896606,7.714669482083991e-05
1444,0.9998810291290283,0.00011892896145582199
1445,0.9997976422309875,0.0002024135465035215
1446,0.9998137354850769,0.00018626464589033276
1447,0.999982476234436,1.7526075680507347e-05
1448,0.9961102604866028,0.003889775602146983
1449,0.9996832609176636,0.0003168124530930072
1450,0.9996557235717773,0.00034429211518727243
1451,0.999920129776001,7.988938159542158e-05
1452,0.9990142583847046,0.0009857594268396497
1453,0.9999957084655762,4.3148274926352315e-06
1454,0.44792693853378296,0.552073061466217
1455,0.9999970197677612,3.005768348884885e-06
1456,0.9955577254295349,0.004442272707819939
1457,0.999923586845398,7.638144597876817e-05
1458,0.9564909338951111,0.04350908845663071
1459,0.9999510049819946,4.904422894469462e-05
1460,0.9999114274978638,8.854213228914887e-05
1461,0.9998241066932678,0.0001759672595653683
1462,0.9988634586334229,0.0011366150574758649
1463,0.9987527132034302,0.0012472954113036394
1464,0.9994206428527832,0.0005793932941742241
1465,0.9998781681060791,0.00012185765808681026
1466,0.9996538162231445,0.00034615970798768103
1467,0.9998927116394043,0.00010732049850048497
1468,0.9997755885124207,0.0002244544739369303
1469,0.999163031578064,0.0008369408315047622
1470,0.999523401260376,0.0004765733319800347
1471,0.9999395608901978,6.042596578481607e-05
1472,0.9999257326126099,7.42795382393524e-05
1473,0.9997527003288269,0.0002473380300216377
1474,0.9977662563323975,0.002233752515166998
1475,0.7441031336784363,0.25589683651924133
1476,0.9999995231628418,4.6527753738700994e-07
1477,0.3591077923774719,0.6408921480178833
1478,0.9999970197677612,2.9714724405494053e-06
1479,0.9997593760490417,0.0002406082203378901
1480,0.9998536109924316,0.00014633887622039765
1481,0.9998650550842285,0.00013488801778294146
1482,0.0021738053765147924,0.9978261590003967
1483,0.9995415210723877,0.0004584549169521779
1484,0.9992233514785767,0.0007766867056488991
1485,0.999570906162262,0.00042911397758871317
1486,0.9999890327453613,1.0998969628417399e-05
1487,0.9997687935829163,0.00023125519510358572
1488,0.9997218251228333,0.00027816087822429836
1489,0.9821985363960266,0.017801452428102493
1490,0.9996974468231201,0.0003026223857887089
1491,0.9841054081916809,0.015894565731287003
1492,0.9874474406242371,0.012552530504763126
1493,0.9985755681991577,0.0014244071207940578
1494,0.9483668208122253,0.05163323134183884
1495,0.9996762275695801,0.000323807675158605
1496,0.999840259552002,0.00015970545064192265
1497,0.9997492432594299,0.0002508110774215311
1498,0.9999608993530273,3.9092610677471384e-05
1499,0.9999525547027588,4.748643914354034e-05
1500,0.9999971389770508,2.8620229386433493e-06
1501,0.9999557733535767,4.424067446961999e-05
1502,0.999955415725708,4.4629461626755074e-05
1503,0.9996107220649719,0.000389361463021487
1504,0.9999936819076538,6.337179456750164e-06
1505,0.9936434030532837,0.006356606725603342
1506,0.9994390606880188,0.0005608652136288583
1507,0.9999607801437378,3.9175232814159244e-05
1508,0.9997451901435852,0.0002548248739913106
1509,0.9992740750312805,0.0007259497651830316
1510,0.015232792124152184,0.9847672581672668
1511,0.9998693466186523,0.00013058350305072963
1512,0.9399611353874207,0.06003880873322487
1513,0.99985671043396,0.00014330017438624054
1514,0.9995359182357788,0.00046405111788772047
1515,0.024079227820038795,0.9759207963943481
1516,0.999535322189331,0.0004647124733310193
1517,0.998469889163971,0.0015300660161301494
1518,0.8738352656364441,0.1261647343635559
1519,0.999496340751648,0.0005036802031099796
1520,0.9999736547470093,2.638123078213539e-05
1521,0.9999237060546875,7.628463208675385e-05
1522,0.9999911785125732,8.846254786476493e-06
1523,0.9997852444648743,0.00021476871916092932
1524,0.4975288510322571,0.5024710893630981
1525,0.9998596906661987,0.0001403478381689638
1526,0.9997244477272034,0.0002754996530711651
1527,0.009506878443062305,0.99049311876297
1528,0.984336256980896,0.015663811936974525
1529,0.9403389692306519,0.05966101214289665
1530,0.9999908208847046,9.172347745334264e-06
1531,0.9998376369476318,0.00016228762979153544
1532,0.999380350112915,0.0006195828900672495
1533,0.9999033212661743,9.671653970144689e-05
1534,0.9996587038040161,0.0003413350787013769
1535,0.998668909072876,0.0013310695067048073
1536,0.9994804263114929,0.0005195895791985095
1537,0.9990906715393066,0.0009092794498428702
1538,0.9999978542327881,2.1677935819752747e-06
1539,0.9999879598617554,1.207056084240321e-05
1540,0.9999957084655762,4.264802555553615e-06
1541,0.9983968138694763,0.0016031914856284857
1542,0.9999871253967285,1.2918270840600599e-05
1543,0.9999781847000122,2.186068923037965e-05
1544,0.9995416402816772,0.0004583880363497883
1545,0.99745112657547,0.002548911375924945
1546,0.9952697157859802,0.00473029026761651
1547,0.999992847442627,7.203127097454853e-06
1548,0.9999560117721558,4.395689029479399e-05
1549,0.9995296001434326,0.00047038320917636156
1550,0.9999597072601318,4.031314892927185e-05
1551,0.9999257326126099,7.427288073813543e-05
1552,0.9945637583732605,0.005436252802610397
1553,0.9999896287918091,1.0394353012088686e-05
1554,0.998472273349762,0.0015277133788913488
1555,0.029920300468802452,0.9700797200202942
1556,0.9998958110809326,0.000104210150311701
1557,0.9998983144760132,0.00010170109453611076
1558,0.9999943971633911,5.610676453216001e-06
1559,0.9999955892562866,4.430583430803381e-06
1560,0.9989587068557739,0.0010412426199764013
1561,0.9995681643486023,0.0004317849816288799
1562,0.9996427297592163,0.0003573087160475552
1563,0.9999194145202637,8.057581726461649e-05
1564,0.9991891980171204,0.0008108539623208344
1565,0.9995121955871582,0.00048781480290926993
1566,0.3424641788005829,0.6575358510017395
1567,0.9994961023330688,0.0005039001116529107
1568,0.9990781545639038,0.0009218353661708534
1569,0.9998414516448975,0.00015853186778258532
1570,0.9958392381668091,0.004160819575190544
1571,0.981821596622467,0.018178438767790794
1572,0.8777780532836914,0.12222198396921158
1573,0.31480932235717773,0.6851906776428223
1574,0.9881848096847534,0.011815185658633709
1575,0.9999420642852783,5.7902343542082235e-05
1576,0.9999454021453857,5.459896055981517e-05
1577,0.9982692003250122,0.0017307689413428307
1578,0.9999071359634399,9.286000567954034e-05
1579,0.9991176724433899,0.0008823384996503592
1580,0.9992973804473877,0.0007026520324870944
1581,0.9999967813491821,3.212731144230929e-06
1582,0.9998821020126343,0.00011788996926043183
1583,0.9977681636810303,0.002231844235211611
1584,0.9999939203262329,6.099593974795425e-06
1585,0.9994619488716125,0.0005380394286476076
1586,0.9997723698616028,0.00022762815933674574
1587,0.9974545836448669,0.0025454682763665915
1588,0.9999711513519287,2.886454967665486e-05
1589,0.9999971389770508,2.8045153612765716e-06
1590,0.999964714050293,3.529608511598781e-05
1591,0.9990260601043701,0.0009739148081280291
1592,0.9964733719825745,0.0035265954211354256
1593,0.999344527721405,0.0006554792053066194
1594,0.9999809265136719,1.911567960632965e-05
1595,0.9991631507873535,0.0008368790149688721
1596,0.9999840259552002,1.6011890693334863e-05
1597,0.9979026317596436,0.0020973554346710443
1598,0.014348786324262619,0.9856511950492859
1599,0.9983822107315063,0.001617737696506083
1600,0.9992749094963074,0.0007250519702211022
1601,0.9961466789245605,0.003853320376947522
1602,0.9999737739562988,2.6226807676721364e-05
1603,0.012953084893524647,0.9870469570159912
1604,0.9998173117637634,0.00018267272389493883
1605,0.822456955909729,0.17754298448562622
1606,0.9997541308403015,0.0002459189563523978
1607,0.9988262057304382,0.001173782511614263
1608,0.9998960494995117,0.00010388451482867822
1609,0.0023024529218673706,0.9976975321769714
1610,0.9998065829277039,0.00019345300097484142
1611,0.9988879561424255,0.0011120473500341177
1612,0.9999585151672363,4.147137951804325e-05
1613,0.9998486042022705,0.0001513596944278106
1614,0.9999558925628662,4.406601874507032e-05
1615,0.02665826492011547,0.9733417630195618
1616,0.9941060543060303,0.005893903784453869
1617,0.9998013377189636,0.0001986819988815114
1618,0.9639774560928345,0.03602256253361702
1619,0.7634794116020203,0.23652057349681854
1620,0.2307010143995285,0.7692989706993103
1621,0.9999115467071533,8.846414857544005e-05
1622,0.9896206855773926,0.010379273444414139
1623,0.9999281167984009,7.187698793131858e-05
1624,0.4392039179801941,0.5607960820198059
1625,0.011857427656650543,0.9881425499916077
1626,0.9797722101211548,0.020227797329425812
1627,0.99854975938797,0.0014502765843644738
1628,0.9999457597732544,5.422711910796352e-05
1629,0.9998964071273804,0.00010353314428357407
1630,0.1598936766386032,0.8401063680648804
1631,0.9996727705001831,0.00032727120560593903
1632,0.9989333748817444,0.0010665692389011383
1633,0.9947273135185242,0.0052726478315889835
1634,0.9999967813491821,3.230630909456522e-06
1635,0.9999982118606567,1.7510270708953612e-06
1636,0.9998670816421509,0.0001328523940173909
1637,0.9999138116836548,8.619827713118866e-05
1638,0.9999967813491821,3.270156184953521e-06
1639,0.9999723434448242,2.7639136533252895e-05
1640,0.9999781847000122,2.1786016077385284e-05
1641,0.9977551102638245,0.0022449051029980183
1642,0.9603756070137024,0.03962435573339462
1643,0.9981018900871277,0.0018980985041707754
1644,0.9998185038566589,0.00018152434495277703
1645,0.9999444484710693,5.5583463108632714e-05
1646,0.9996323585510254,0.0003676564956549555
1647,0.999903678894043,9.62547492235899e-05
1648,0.9998904466629028,0.00010953719902317971
1649,0.9958339929580688,0.00416596932336688
1650,0.9998383522033691,0.0001615849178051576
1651,0.9942469596862793,0.005752986762672663
1652,0.02182779088616371,0.9781721830368042
1653,0.9999357461929321,6.42146187601611e-05
1654,0.9992696642875671,0.0007303216261789203
1655,0.9936269521713257,0.006373048294335604
1656,0.9945785999298096,0.0054214694537222385
1657,0.9995099306106567,0.0004900380736216903
1658,0.9645400643348694,0.03545995056629181
1659,0.9961624145507812,0.003837540280073881
1660,0.9999243021011353,7.564960105810314e-05
1661,0.9992953538894653,0.0007046113605611026
1662,0.9995352029800415,0.00046482699690386653
1663,0.9948298335075378,0.005170140881091356
1664,0.9994335770606995,0.000566359143704176
1665,0.9995310306549072,0.0004690268251579255
1666,0.9981896281242371,0.0018103678012266755
1667,0.9974308609962463,0.0025691420305520296
1668,0.9994847774505615,0.0005151929799467325
1669,0.9972811937332153,0.0027188227977603674
1670,0.9992769360542297,0.0007230575429275632
1671,0.9999394416809082,6.0595270042540506e-05
1672,0.9999954700469971,4.522969447862124e-06
1673,0.9995054006576538,0.0004945770488120615
1674,0.9971228241920471,0.0028771464712917805
1675,0.998891294002533,0.0011086857412010431
1676,0.6986176371574402,0.30138230323791504
1677,0.9999845027923584,1.5530147720710374e-05
1678,0.9999270439147949,7.296996045624837e-05
1679,0.9333519339561462,0.06664807349443436
1680,0.999367892742157,0.0006321284454315901
1681,0.999411940574646,0.0005880746757611632
1682,0.9999202489852905,7.968880527187139e-05
1683,0.9999129772186279,8.702078048372641e-05
1684,0.27219441533088684,0.7278055548667908
1685,0.9999510049819946,4.900505155092105e-05
1686,0.9997950196266174,0.0002049994800472632
1687,0.9950055480003357,0.004994444083422422
1688,0.9996440410614014,0.0003559253236744553
1689,0.9787651896476746,0.02123473957180977
1690,0.9999985694885254,1.4895272215653677e-06
1691,0.9992908239364624,0.0007091984734870493
1692,0.9999630451202393,3.6959874705644324e-05
1693,0.06288665533065796,0.9371134042739868
1694,0.9975938200950623,0.002406184794381261
1695,0.07709313184022903,0.9229068756103516
1696,0.999808132648468,0.0001918345660669729
1697,0.9995761513710022,0.0004238649271428585
1698,0.9998605251312256,0.00013945192040409893
1699,0.997026264667511,0.0029737274162471294
1700,0.9992536902427673,0.0007462614448741078
